shot,dataset,verdict,selected_score,margin,confident,ocr_text_len,ocr_text
1__10CSW12612,stand-100,F,42.9,2.9,False,8,50-40-40
1__612104,stand-100,T,66.7,9.5,False,12,7X 20-20-000
1__C1775ST,stand-100,F,0.0,-66.7,False,0,
1__ESC0305,stand-100,F,66.7,4.2,False,16,9011-202 -1200 2
1__EZAS3021,stand-100,T,0.0,-53.3,False,0,
1__FG13160-0615-1S,stand-100,F,0.0,-53.3,False,0,
1__INC-11814-146,stand-100,F,50.0,-7.1,False,10,00-10-8202
1__M00345100950,stand-100,F,61.5,-5.1,False,7,9100 94
1__MC1715000,stand-100,F,72.7,-27.3,False,6,13 000
1__SSTD215STR,stand-100,F,0.0,-42.9,False,0,
2__10CSW12612,stand-100,F,66.7,0.0,False,2,ww
2__612104,stand-100,T,62.5,0.0,False,16,7X 20-50-0000 09
2__C1775ST,stand-100,F,0.0,-50.0,False,0,
2__ESC0305,stand-100,F,75.0,17.9,False,12,82-01-1202 7
2__EZAS3021,stand-100,F,50.0,11.9,False,4,O1 a
2__FG13160-0615-1S,stand-100,F,0.0,-62.5,False,0,
2__INC-11814-146,stand-100,T,40.0,0.0,False,7,9100 94
2__M00345100950,stand-100,F,61.5,-38.5,False,7,9100 94
2__MC1715000,stand-100,F,66.7,0.0,False,6,00.0 U
2__SSTD215STR,stand-100,F,0.0,-50.0,False,0,
3__10CSW12612,stand-100,T,0.0,-50.0,False,0,
3__612104,stand-100,F,62.5,0.0,False,19,VINVX 10-00-6200 82
3__C1775ST,stand-100,F,62.5,12.5,False,17,5oapin 52-00-4200
3__ESC0305,stand-100,F,62.5,0.0,False,20,SZ-N 22-60-8202 9100
3__EZAS3021,stand-100,F,66.7,16.7,False,4,2 01
3__FG13160-0615-1S,stand-100,F,0.0,-50.0,False,0,
3__INC-11814-146,stand-100,F,60.0,10.0,False,6,aWSr 二
3__M00345100950,stand-100,F,100.0,40.0,True,2,00
3__MC1715000,stand-100,F,0.0,-50.0,False,0,
3__SSTD215STR,stand-100,F,66.7,33.3,False,2,TX
4__10CSW12612,stand-100,F,66.7,16.7,False,2,ww
4__612104,stand-100,F,62.5,-4.2,False,17,VVINVS 10-00-6200
4__C1775ST,stand-100,F,57.1,3.8,False,23,5079540 241000 OS001WNd
4__ESC0305,stand-100,F,0.0,-66.7,False,0,
4__EZAS3021,stand-100,F,42.9,2.9,False,13,438 00.0 9221
4__FG13160-0615-1S,stand-100,F,50.0,7.1,False,6,338 00
4__INC-11814-146,stand-100,F,0.0,-66.7,False,0,
4__M00345100950,stand-100,F,44.4,-5.6,False,8,1X 0 aNn
4__MC1715000,stand-100,F,0.0,-57.1,False,0,
4__SSTD215STR,stand-100,F,0.0,-42.9,False,1,同
5__10CSW12612,stand-100,F,66.7,-33.3,False,2,ww
5__612104,stand-100,F,60.0,0.0,False,12,011- S -1200
5__C1775ST,stand-100,F,100.0,0.0,False,1,7
5__ESC0305,stand-100,F,0.0,-62.5,False,0,
5__EZAS3021,stand-100,F,62.5,5.4,False,14,6290-8202 9100
5__FG13160-0615-1S,stand-100,F,0.0,-53.3,False,0,
5__INC-11814-146,stand-100,F,66.7,4.2,False,14,2-60-8002 9900
5__M00345100950,stand-100,F,57.1,-1.2,False,4,00 图
5__MC1715000,stand-100,F,50.0,-50.0,False,4,7X 0
5__SSTD215STR,stand-100,F,100.0,70.0,True,1,S
AXS_DAC_L,diagonal-40,T,66.7,4.2,False,18,Z2-600202 900 ww 9
AXS_L,diagonal-40,F,0.0,-40.0,False,0,
CHIKAI_L,diagonal-40,F,76.9,5.5,False,18,Z2-60-8202 9100 97
Esperance_L,diagonal-40,F,53.3,3.3,False,10,9210020 wu
Excelsior SL-10_L,diagonal-40,T,61.5,-5.1,False,17,00-00-0200 681001
Excelsior XT-27_L,diagonal-40,F,53.3,-9.2,False,16,5079548 22-00420
Excelsior-XT-17_L,diagonal-40,F,100.0,66.7,True,1,S
Guidepost_L,diagonal-40,F,0.0,-50.0,False,0,
Phenom_L,diagonal-40,F,0.0,-50.0,False,0,
Ripride_L,diagonal-40,F,50.0,10.0,False,4,dili
SHOURYU2_L,diagonal-40,F,0.0,-60.0,False,0,
Surpass_L,diagonal-40,F,57.1,-5.4,False,19,VIINVY 1C-00-6202 0
Synchro_L,diagonal-40,F,0.0,-42.9,False,0,
Target_L,diagonal-40,F,60.0,5.5,False,7,S -1200
Transform305_L,diagonal-40,F,66.7,4.2,False,15,5011-202 ONN 01
Transform_L,diagonal-40,F,62.5,-4.2,False,19,00-21-1202 ANDIVUAS
Wallaby_L,diagonal-40,F,33.3,-66.7,False,5,ww ww
neuroform_L,diagonal-40,F,62.5,9.2,False,15,62-90-8202 9100
orange_L,diagonal-40,F,61.5,11.5,False,7,9100 94
pNOVUS_L,diagonal-40,F,50.0,0.0,False,6,9600WN
1__1681189,stand-100,T,83.3,43.3,True,14,681891 9 00-10
1__FD45017,stand-100,F,50.0,0.0,False,4,S ww
1__SS2-40-070H,stand-100,F,28.6,-21.4,False,11,0 LT-SNAOND
2__DAC6F115,stand-100,F,50.0,0.0,False,4,di1l
2__KMDA044178,stand-100,F,50.0,21.4,False,12,OSt LTSAAOND
3__1681189,stand-100,T,83.3,43.3,True,6,681891
3__FD45017,stand-100,F,100.0,50.0,True,1,U
3__SS2-40-070H,stand-100,F,0.0,-50.0,False,0,
4__DAC6F115,stand-100,F,0.0,-53.3,False,0,
4__KMDA044178,stand-100,F,40.0,6.7,False,16,wo OST LT.SNAOND
5__1681189,stand-100,T,83.3,43.3,True,14,681894 9 u3 W3
5__FD45017,stand-100,F,50.0,-12.5,False,16,VIINV 10-00-6202
5__SS2-40-070H,stand-100,F,0.0,-50.0,False,0,
CHIKAI_R,diagonal-40,F,71.4,14.3,False,18,27-60-8202 9000 94
Excelsior-XT-17_R,diagonal-40,F,0.0,-50.0,False,0,
SHOURYU2_R,diagonal-40,T,40.0,-60.0,False,10,EL-2O-12O2
Transform305_R,diagonal-40,F,62.5,12.5,False,16,62-90-8202 00 ww
orange_R,diagonal-40,F,66.7,16.7,False,2,OT
