index,分類(0910 or 本番),book_name,display_name,LOT,expiration_date,ISBN_number,book_width,SPEC_1,SPEC_2
1,,612104,Target XL,不明,2030-06-07,9784627846913,17,10 mm,40 cm
2,,APB-2-3-HX-ES,Axium Prime Detachable Coll,231892790,2028-08-05,9784297118846,17.1,2 mm,3 cm
3,,AIN-CHI-10-200R,CHIKAI 10,260127A40A,2029-01,不明,15.0,0.010,200 cm
4,,393-020310,i-ED COIL,KR045298,2028-04-30,不明,14.7,2-3 mm,10 cm
5,,OPTI0152CSS10,OPTIMA,F260200774,2031-02-17,9784627846913,20,1.5 mm,2 cm
6,,C1775ST,Excelsior XT-17,26060585,2028-01-03,不明,17.0,150 cm,7.5 cm
7,,DAC6F115,Esperance Distal Access Catheter,DAC00239,2027-01-16,不明,27.0,115cm,6F
8,,1681189,Excelsior SL-10,26124294,2028-02-18,不明,17.0,150 cm,6 cm
9,,AIN-CKI-200R,CHIKAI,260127A44A,2029-01,不明,15.0,0.014,200cm
10,,10CSW02020,Wallaby Avenir Coil System,WCS11772,2031-12-14,不明,15.2,2 mm,20 cm
11,,FG13160-0615-1S,Phenom,232639510,2028-11-05,9784781908137,17.0,21,160 cm
12,,EZAS3021,Neuroform Atlas,26022095,2028-12-09,不明,16.8,3.0 mm,21 mm
13,,MC1715000,pNOVUS 17 150cm,MCR00341,2028-11-27,9784798068299,21.0,17,150 cm
14,,XT275081,Excelsior XT-27,不明,2028-12-03,9784489020360,18,150 cm,6 cm
15,,SS2-40-070H,SHOURYU2,KR046055,2029-03-31,不明,17.1,4.0 mm,7 mm
16,,FC-3-6-3D,Axium Prime Detachable Coll,229115276,2027-06-30,9784297118846,17.1,3 mm,6 cm
17,,APB-1.5-2-HX-ES,Axium Prime Detachable Coll,230926809,2028-04-09,9784297118846,17.1,1.5 mm,2 cm
18,,INC-11814-146,AXS Vecta 46,不明,2028-09-22,9784798068299,22.2,0.046 in,146 cm
19,,ESC0407,TransForm,不明,2027-10-28,9784297118846,17.5,4 mm,7 cm
20,,MAT-110-110,Riptide Large Bore Aspiration Tubing,442733,2027-10-14,9784789016278,17.0,112,284 cm
21,,FG15160-061501S,Phenom,232896730,2028-12-10,9784781908137,17.0,27,160 cm
22,,OPTI0204CSS10,OPTIMA,F251100383,2030-11-11,9784627846913,20,2 mm,4 cm
23,,MONORAIL,Coyote ES,,2027-05-01,9784627846913,13,3.0 mm,40 mm
24,,SD-40040,SHIDEN,SR045482,2028-03-31,9784627846913,14.5,3.0 mm,40 mm
25,,MIV-2N316,Defrictor,51172N07,2028年 10月,9784627846913,14.5,3.0 mm,40 mm
26,,10CSW01515,Wallaby Avenir Coil System,WCS12612,2031-04-14,不明,15.2,1.5 mm,15 cm
27,,SPD-040-320,SpiderFX,C230087,2027-11-30,不明,20,4.0 mm,.014 in
28,,SSTD215STR,Synchro SELECT,不明,2029-02-24,9784254209457,18.0,0.014 in,215 cm
29,,373-040830,i-ED COIL,KR104430,2027-10-31,9784254209457,15,4-8 mm,30cm
30,,KMDA044178,Guidepost,不明,2029-03-25,不明,26,3.2/3.4Fr.,120cm
